<?xml version="1.0"?>
<rss version="2.0" xmlns:media="http://search.yahoo.com/mrss">
<channel>
<title>blog</title>
<description></description>
<link>/blog</link>
<language></language>
<pubDate>Fri, 06 Dec 2019 14:35:19 GMT</pubDate>
<lastBuildDate>Fri, 06 Dec 2019 14:35:19 GMT</lastBuildDate>
<item>
<title><![CDATA[Nouveau billet de blog]]></title>
<link>Entries/2019/12/nouveau-billet-de-blog.html</link>
<guid isPermaLink="false">22782F7ED615402794B3520FB0EEBCA0</guid>
<pubDate>Fri, 06 Dec 2019 14:29:02 GMT</pubDate>
</item>
</channel>
</rss>