<?xml version="1.0" encoding="UTF-8"?><root><pages><page><UUID>3BAED635183E4AD5B04BF120BACACEAB</UUID><dateTime tmz="0">2019-12-06 14:35:19</dateTime><pageName name="home"><![CDATA[home.html]]></pageName><pagePath/><PageOrder><![CDATA[0]]></PageOrder></page><page><UUID>5ADDE37A61204D5FB0A9AB3C70E3F1A1</UUID><dateTime tmz="0">2019-12-06 14:35:19</dateTime><pageName name="photos"><![CDATA[photos.html]]></pageName><pagePath/><PageOrder><![CDATA[1]]></PageOrder></page><page><UUID>114E018F7DF24089BAC7EDB54BA1266A</UUID><dateTime tmz="0">2019-12-06 14:35:19</dateTime><pageName name="videos"><![CDATA[videos.html]]></pageName><pagePath/><PageOrder><![CDATA[2]]></PageOrder></page><page><UUID>A41954A2DBAB42FE8E7B11F73AAF3D5C</UUID><dateTime tmz="0">2019-12-06 14:35:19</dateTime><pageName name="shop"><![CDATA[shop.html]]></pageName><pagePath/><PageOrder><![CDATA[3]]></PageOrder></page><page><UUID>B000AB18D0474222BAA8BA08C0A6EE75</UUID><dateTime tmz="0">2019-12-06 14:35:19</dateTime><pageName dir="t" name="blog"><![CDATA[index.html]]></pageName><pagePath/><PageOrder><![CDATA[4]]></PageOrder></page><page><UUID>22782F7ED615402794B3520FB0EEBCA0</UUID><dateTime tmz="0">2019-12-06 14:35:19</dateTime><pageName name="posts"><![CDATA[posts.html]]></pageName><pagePath/><PageOrder><![CDATA[6]]></PageOrder><blogPageUUID><![CDATA[6FAF3D3929FF4087BFB9723C6849BD04]]></blogPageUUID></page><page><UUID>FD63C7AC7FBB43DABFE6C393DE26A4D3</UUID><dateTime tmz="0">2019-12-06 14:35:19</dateTime><pageName name="archive"><![CDATA[archive.html]]></pageName><pagePath/><PageOrder><![CDATA[7]]></PageOrder></page><page><UUID>8DAFED232CCD4577BDC707572F0AF907</UUID><dateTime tmz="0">2019-12-06 14:35:19</dateTime><pageName name="contact"><![CDATA[contact.html]]></pageName><pagePath/><PageOrder><![CDATA[8]]></PageOrder></page><page><UUID>993C28187AD845E48F028C95C0522943</UUID><dateTime tmz="0">2019-12-06 14:35:19</dateTime><pageName name="blank"><![CDATA[blank.html]]></pageName><pagePath/><PageOrder><![CDATA[9]]></PageOrder></page></pages><siteData><siteheadercode></siteheadercode><sitefootercode></sitefootercode></siteData></root>